Customer Name,Date,Week,Actual Orders,Forecast Orders
3M - NA,2024-01-01 00:00:00,01,12,55
BEIERSDORF INCORPORATED - EU,2024-01-01 00:00:00,01,42,150
BROWN FORMAN CORPORATION - NA,2024-01-01 00:00:00,01,49,30
CONAGRA - NA,2024-01-01 00:00:00,01,65,40
DANONE - EU,2024-01-01 00:00:00,01,29,105
HALEON - EU,2024-01-01 00:00:00,01,51,100
HALEON - NA,2024-01-01 00:00:00,01,13,20
INTERNATIONAL PAPER - NA,2024-01-01 00:00:00,01,10,30
JDE - EU,2024-01-01 00:00:00,01,50,38
METAL CONTAINER CORP - NA,2024-01-01 00:00:00,01,4,80
NOVOLEX - NA,2024-01-01 00:00:00,01,30,30
PACKAGING SPECIALTIE - NA,2024-01-01 00:00:00,01,0,35
PEEL PLASTIC PRODUCT - NA,2024-01-01 00:00:00,01,3,33
PROCTER & GAMBLE - EU,2024-01-01 00:00:00,01,45,92
THE FERRERO GROUP - NA,2024-01-01 00:00:00,01,19,30
3M - NA,2023-12-25 00:00:00,52,19,100
BEIERSDORF INCORPORATED - EU,2023-12-25 00:00:00,52,15,100
BROWN FORMAN CORPORATION - NA,2023-12-25 00:00:00,52,23,30
CONAGRA - NA,2023-12-25 00:00:00,52,34,50
DANONE - EU,2023-12-25 00:00:00,52,24,75
HALEON - EU,2023-12-25 00:00:00,52,32,100
HALEON - NA,2023-12-25 00:00:00,52,5,20
INTERNATIONAL PAPER - NA,2023-12-25 00:00:00,52,6,30
JDE - EU,2023-12-25 00:00:00,52,40,25
METAL CONTAINER CORP - NA,2023-12-25 00:00:00,52,0,90
NOVOLEX - NA,2023-12-25 00:00:00,52,24,30
PACKAGING SPECIALTIE - NA,2023-12-25 00:00:00,52,0,40
PEEL PLASTIC PRODUCT - NA,2023-12-25 00:00:00,52,6,26
PROCTER & GAMBLE - EU,2023-12-25 00:00:00,52,62,78
THE FERRERO GROUP - NA,2023-12-25 00:00:00,52,12,30
3M - NA,2023-12-18 00:00:00,51,100,150
BEIERSDORF INCORPORATED - EU,2023-12-18 00:00:00,51,72,100
BROWN FORMAN CORPORATION - NA,2023-12-18 00:00:00,51,50,40
CONAGRA - NA,2023-12-18 00:00:00,51,96,70
DANONE - EU,2023-12-18 00:00:00,51,121,75
HALEON - EU,2023-12-18 00:00:00,51,161,165
HALEON - NA,2023-12-18 00:00:00,51,23,57
INTERNATIONAL PAPER - NA,2023-12-18 00:00:00,51,8,40
JDE - EU,2023-12-18 00:00:00,51,75,28
METAL CONTAINER CORP - NA,2023-12-18 00:00:00,51,9,130
NOVOLEX - NA,2023-12-18 00:00:00,51,104,75
PACKAGING SPECIALTIE - NA,2023-12-18 00:00:00,51,0,65
PEEL PLASTIC PRODUCT - NA,2023-12-18 00:00:00,51,8,39
PROCTER & GAMBLE - EU,2023-12-18 00:00:00,51,120,155
THE FERRERO GROUP - NA,2023-12-18 00:00:00,51,31,60
3M - NA,2023-12-11 00:00:00,50,64,180
BEIERSDORF INCORPORATED - EU,2023-12-11 00:00:00,50,118,100
BROWN FORMAN CORPORATION - NA,2023-12-11 00:00:00,50,90,40
CONAGRA - NA,2023-12-11 00:00:00,50,92,70
DANONE - EU,2023-12-11 00:00:00,50,52,75
HALEON - EU,2023-12-11 00:00:00,50,158,165
HALEON - NA,2023-12-11 00:00:00,50,25,57
INTERNATIONAL PAPER - NA,2023-12-11 00:00:00,50,29,40
JDE - EU,2023-12-11 00:00:00,50,31,38
METAL CONTAINER CORP - NA,2023-12-11 00:00:00,50,5,145
NOVOLEX - NA,2023-12-11 00:00:00,50,75,60
PACKAGING SPECIALTIE - NA,2023-12-11 00:00:00,50,0,54
PEEL PLASTIC PRODUCT - NA,2023-12-11 00:00:00,50,19,35
PROCTER & GAMBLE - EU,2023-12-11 00:00:00,50,184,68
THE FERRERO GROUP - NA,2023-12-11 00:00:00,50,37,60
3M - NA,2023-12-04 00:00:00,49,69,175
BEIERSDORF INCORPORATED - EU,2023-12-04 00:00:00,49,66,100
BROWN FORMAN CORPORATION - NA,2023-12-04 00:00:00,49,87,40
CONAGRA - NA,2023-12-04 00:00:00,49,81,75
DANONE - EU,2023-12-04 00:00:00,49,42,75
HALEON - EU,2023-12-04 00:00:00,49,183,165
HALEON - NA,2023-12-04 00:00:00,49,54,57
INTERNATIONAL PAPER - NA,2023-12-04 00:00:00,49,13,38
JDE - EU,2023-12-04 00:00:00,49,55,41
METAL CONTAINER CORP - NA,2023-12-04 00:00:00,49,4,135
NOVOLEX - NA,2023-12-04 00:00:00,49,90,62
PACKAGING SPECIALTIE - NA,2023-12-04 00:00:00,49,0,45
PEEL PLASTIC PRODUCT - NA,2023-12-04 00:00:00,49,7,36
PROCTER & GAMBLE - EU,2023-12-04 00:00:00,49,118,124
THE FERRERO GROUP - NA,2023-12-04 00:00:00,49,14,55
3M - NA,2023-11-27 00:00:00,48,53,180
BEIERSDORF INCORPORATED - EU,2023-11-27 00:00:00,48,96,150
BROWN FORMAN CORPORATION - NA,2023-11-27 00:00:00,48,69,30
CONAGRA - NA,2023-11-27 00:00:00,48,173,75
DANONE - EU,2023-11-27 00:00:00,48,63,75
HALEON - EU,2023-11-27 00:00:00,48,180,110
HALEON - NA,2023-11-27 00:00:00,48,89,57
INTERNATIONAL PAPER - NA,2023-11-27 00:00:00,48,15,30
JDE - EU,2023-11-27 00:00:00,48,23,27
METAL CONTAINER CORP - NA,2023-11-27 00:00:00,48,9,90
NOVOLEX - NA,2023-11-27 00:00:00,48,64,55
PACKAGING SPECIALTIE - NA,2023-11-27 00:00:00,48,0,58
PEEL PLASTIC PRODUCT - NA,2023-11-27 00:00:00,48,11,38
PROCTER & GAMBLE - EU,2023-11-27 00:00:00,48,193,69
THE FERRERO GROUP - NA,2023-11-27 00:00:00,48,16,65
3M - NA,2023-11-20 00:00:00,47,57,165
BEIERSDORF INCORPORATED - EU,2023-11-20 00:00:00,47,88,150
BROWN FORMAN CORPORATION - NA,2023-11-20 00:00:00,47,32,30
CONAGRA - NA,2023-11-20 00:00:00,47,127,75
DANONE - EU,2023-11-20 00:00:00,47,52,75
HALEON - EU,2023-11-20 00:00:00,47,107,110
HALEON - NA,2023-11-20 00:00:00,47,21,57
INTERNATIONAL PAPER - NA,2023-11-20 00:00:00,47,17,36
JDE - EU,2023-11-20 00:00:00,47,23,32
METAL CONTAINER CORP - NA,2023-11-20 00:00:00,47,9,130
NOVOLEX - NA,2023-11-20 00:00:00,47,28,65
PACKAGING SPECIALTIE - NA,2023-11-20 00:00:00,47,0,60
PEEL PLASTIC PRODUCT - NA,2023-11-20 00:00:00,47,4,32
PROCTER & GAMBLE - EU,2023-11-20 00:00:00,47,123,73
THE FERRERO GROUP - NA,2023-11-20 00:00:00,47,21,70
3M - NA,2023-11-13 00:00:00,46,57,125
BEIERSDORF INCORPORATED - EU,2023-11-13 00:00:00,46,137,150
BROWN FORMAN CORPORATION - NA,2023-11-13 00:00:00,46,106,40
CONAGRA - NA,2023-11-13 00:00:00,46,156,75
DANONE - EU,2023-11-13 00:00:00,46,71,90
HALEON - EU,2023-11-13 00:00:00,46,197,110
HALEON - NA,2023-11-13 00:00:00,46,33,54
INTERNATIONAL PAPER - NA,2023-11-13 00:00:00,46,12,35
JDE - EU,2023-11-13 00:00:00,46,77,27
METAL CONTAINER CORP - NA,2023-11-13 00:00:00,46,11,160
NOVOLEX - NA,2023-11-13 00:00:00,46,55,65
PACKAGING SPECIALTIE - NA,2023-11-13 00:00:00,46,0,58
PEEL PLASTIC PRODUCT - NA,2023-11-13 00:00:00,46,1,34
PROCTER & GAMBLE - EU,2023-11-13 00:00:00,46,223,107
THE FERRERO GROUP - NA,2023-11-13 00:00:00,46,51,65
3M - NA,2023-11-06 00:00:00,45,83,140
BEIERSDORF INCORPORATED - EU,2023-11-06 00:00:00,45,93,150
BROWN FORMAN CORPORATION - NA,2023-11-06 00:00:00,45,88,40
CONAGRA - NA,2023-11-06 00:00:00,45,109,75
DANONE - EU,2023-11-06 00:00:00,45,42,92
HALEON - EU,2023-11-06 00:00:00,45,147,110
HALEON - NA,2023-11-06 00:00:00,45,33,76
INTERNATIONAL PAPER - NA,2023-11-06 00:00:00,45,9,35
JDE - EU,2023-11-06 00:00:00,45,37,45
METAL CONTAINER CORP - NA,2023-11-06 00:00:00,45,12,146
NOVOLEX - NA,2023-11-06 00:00:00,45,54,75
PACKAGING SPECIALTIE - NA,2023-11-06 00:00:00,45,2,50
PEEL PLASTIC PRODUCT - NA,2023-11-06 00:00:00,45,5,48
PROCTER & GAMBLE - EU,2023-11-06 00:00:00,45,141,107
THE FERRERO GROUP - NA,2023-11-06 00:00:00,45,44,65
3M - NA,2023-10-30 00:00:00,44,53,160
BEIERSDORF INCORPORATED - EU,2023-10-30 00:00:00,44,59,150
BROWN FORMAN CORPORATION - NA,2023-10-30 00:00:00,44,21,40
CONAGRA - NA,2023-10-30 00:00:00,44,105,75
DANONE - EU,2023-10-30 00:00:00,44,37,92
HALEON - EU,2023-10-30 00:00:00,44,148,144
HALEON - NA,2023-10-30 00:00:00,44,26,57
INTERNATIONAL PAPER - NA,2023-10-30 00:00:00,44,15,35
JDE - EU,2023-10-30 00:00:00,44,49,45
METAL CONTAINER CORP - NA,2023-10-30 00:00:00,44,24,140
NOVOLEX - NA,2023-10-30 00:00:00,44,50,75
PACKAGING SPECIALTIE - NA,2023-10-30 00:00:00,44,0,42
PEEL PLASTIC PRODUCT - NA,2023-10-30 00:00:00,44,8,50
PROCTER & GAMBLE - EU,2023-10-30 00:00:00,44,164,116
THE FERRERO GROUP - NA,2023-10-30 00:00:00,44,18,70
3M - NA,2023-10-23 00:00:00,43,83,150
BEIERSDORF INCORPORATED - EU,2023-10-23 00:00:00,43,210,150
BROWN FORMAN CORPORATION - NA,2023-10-23 00:00:00,43,52,40
CONAGRA - NA,2023-10-23 00:00:00,43,102,82
DANONE - EU,2023-10-23 00:00:00,43,78,82
HALEON - EU,2023-10-23 00:00:00,43,213,160
HALEON - NA,2023-10-23 00:00:00,43,50,24
INTERNATIONAL PAPER - NA,2023-10-23 00:00:00,43,24,34
JDE - EU,2023-10-23 00:00:00,43,58,45
METAL CONTAINER CORP - NA,2023-10-23 00:00:00,43,7,155
NOVOLEX - NA,2023-10-23 00:00:00,43,49,70
PACKAGING SPECIALTIE - NA,2023-10-23 00:00:00,43,13,48
PEEL PLASTIC PRODUCT - NA,2023-10-23 00:00:00,43,3,34
PROCTER & GAMBLE - EU,2023-10-23 00:00:00,43,267,202
THE FERRERO GROUP - NA,2023-10-23 00:00:00,43,15,65
3M - NA,2023-10-16 00:00:00,42,113,250
BEIERSDORF INCORPORATED - EU,2023-10-16 00:00:00,42,45,150
BROWN FORMAN CORPORATION - NA,2023-10-16 00:00:00,42,121,45
CONAGRA - NA,2023-10-16 00:00:00,42,60,68
DANONE - EU,2023-10-16 00:00:00,42,56,82
HALEON - EU,2023-10-16 00:00:00,42,115,160
HALEON - NA,2023-10-16 00:00:00,42,103,31
INTERNATIONAL PAPER - NA,2023-10-16 00:00:00,42,22,34
JDE - EU,2023-10-16 00:00:00,42,83,50
METAL CONTAINER CORP - NA,2023-10-16 00:00:00,42,15,140
NOVOLEX - NA,2023-10-16 00:00:00,42,77,65
PACKAGING SPECIALTIE - NA,2023-10-16 00:00:00,42,1,57
PEEL PLASTIC PRODUCT - NA,2023-10-16 00:00:00,42,10,34
PROCTER & GAMBLE - EU,2023-10-16 00:00:00,42,199,215
THE FERRERO GROUP - NA,2023-10-16 00:00:00,42,33,65
3M - NA,2023-10-09 00:00:00,41,115,225
BEIERSDORF INCORPORATED - EU,2023-10-09 00:00:00,41,401,150
BROWN FORMAN CORPORATION - NA,2023-10-09 00:00:00,41,78,45
CONAGRA - NA,2023-10-09 00:00:00,41,106,96
DANONE - EU,2023-10-09 00:00:00,41,73,82
HALEON - EU,2023-10-09 00:00:00,41,95,150
HALEON - NA,2023-10-09 00:00:00,41,159,24
INTERNATIONAL PAPER - NA,2023-10-09 00:00:00,41,28,34
JDE - EU,2023-10-09 00:00:00,41,49,50
METAL CONTAINER CORP - NA,2023-10-09 00:00:00,41,18,160
NOVOLEX - NA,2023-10-09 00:00:00,41,63,70
PACKAGING SPECIALTIE - NA,2023-10-09 00:00:00,41,1,46
PEEL PLASTIC PRODUCT - NA,2023-10-09 00:00:00,41,5,26
PROCTER & GAMBLE - EU,2023-10-09 00:00:00,41,176,225
THE FERRERO GROUP - NA,2023-10-09 00:00:00,41,30,80
3M - NA,2023-10-02 00:00:00,40,63,180
BEIERSDORF INCORPORATED - EU,2023-10-02 00:00:00,40,170,100
BROWN FORMAN CORPORATION - NA,2023-10-02 00:00:00,40,88,50
CONAGRA - NA,2023-10-02 00:00:00,40,101,105
DANONE - EU,2023-10-02 00:00:00,40,109,82
HALEON - EU,2023-10-02 00:00:00,40,69,110
HALEON - NA,2023-10-02 00:00:00,40,64,33
INTERNATIONAL PAPER - NA,2023-10-02 00:00:00,40,18,34
JDE - EU,2023-10-02 00:00:00,40,36,50
METAL CONTAINER CORP - NA,2023-10-02 00:00:00,40,19,145
NOVOLEX - NA,2023-10-02 00:00:00,40,19,65
PACKAGING SPECIALTIE - NA,2023-10-02 00:00:00,40,1,60
PEEL PLASTIC PRODUCT - NA,2023-10-02 00:00:00,40,7,28
PROCTER & GAMBLE - EU,2023-10-02 00:00:00,40,198,251
THE FERRERO GROUP - NA,2023-10-02 00:00:00,40,27,75
3M - NA,2023-09-25 00:00:00,39,124,200
BEIERSDORF INCORPORATED - EU,2023-09-25 00:00:00,39,26,100
BROWN FORMAN CORPORATION - NA,2023-09-25 00:00:00,39,117,65
CONAGRA - NA,2023-09-25 00:00:00,39,75,90
DANONE - EU,2023-09-25 00:00:00,39,30,79
HALEON - EU,2023-09-25 00:00:00,39,181,110
HALEON - NA,2023-09-25 00:00:00,39,24,24
INTERNATIONAL PAPER - NA,2023-09-25 00:00:00,39,20,34
JDE - EU,2023-09-25 00:00:00,39,33,55
METAL CONTAINER CORP - NA,2023-09-25 00:00:00,39,28,150
NOVOLEX - NA,2023-09-25 00:00:00,39,57,70
PACKAGING SPECIALTIE - NA,2023-09-25 00:00:00,39,0,64
PEEL PLASTIC PRODUCT - NA,2023-09-25 00:00:00,39,4,44
PROCTER & GAMBLE - EU,2023-09-25 00:00:00,39,205,200
THE FERRERO GROUP - NA,2023-09-25 00:00:00,39,26,70
3M - NA,2023-09-18 00:00:00,38,105,150
BEIERSDORF INCORPORATED - EU,2023-09-18 00:00:00,38,55,100
BROWN FORMAN CORPORATION - NA,2023-09-18 00:00:00,38,82,60
CONAGRA - NA,2023-09-18 00:00:00,38,66,45
DANONE - EU,2023-09-18 00:00:00,38,52,97
HALEON - EU,2023-09-18 00:00:00,38,95,110
HALEON - NA,2023-09-18 00:00:00,38,32,24
INTERNATIONAL PAPER - NA,2023-09-18 00:00:00,38,24,34
JDE - EU,2023-09-18 00:00:00,38,96,55
METAL CONTAINER CORP - NA,2023-09-18 00:00:00,38,7,160
NOVOLEX - NA,2023-09-18 00:00:00,38,51,65
PACKAGING SPECIALTIE - NA,2023-09-18 00:00:00,38,0,54
PEEL PLASTIC PRODUCT - NA,2023-09-18 00:00:00,38,9,45
PROCTER & GAMBLE - EU,2023-09-18 00:00:00,38,237,200
THE FERRERO GROUP - NA,2023-09-18 00:00:00,38,39,80
3M - NA,2023-09-11 00:00:00,37,43,175
BEIERSDORF INCORPORATED - EU,2023-09-11 00:00:00,37,109,100
BROWN FORMAN CORPORATION - NA,2023-09-11 00:00:00,37,93,65
CONAGRA - NA,2023-09-11 00:00:00,37,87,94
DANONE - EU,2023-09-11 00:00:00,37,66,110
HALEON - EU,2023-09-11 00:00:00,37,145,110
HALEON - NA,2023-09-11 00:00:00,37,41,24
INTERNATIONAL PAPER - NA,2023-09-11 00:00:00,37,19,34
JDE - EU,2023-09-11 00:00:00,37,117,55
METAL CONTAINER CORP - NA,2023-09-11 00:00:00,37,23,135
NOVOLEX - NA,2023-09-11 00:00:00,37,33,65
PACKAGING SPECIALTIE - NA,2023-09-11 00:00:00,37,0,76
PEEL PLASTIC PRODUCT - NA,2023-09-11 00:00:00,37,4,41
PROCTER & GAMBLE - EU,2023-09-11 00:00:00,37,168,200
THE FERRERO GROUP - NA,2023-09-11 00:00:00,37,12,80
3M - NA,2023-09-04 00:00:00,36,72,180
BEIERSDORF INCORPORATED - EU,2023-09-04 00:00:00,36,131,100
BROWN FORMAN CORPORATION - NA,2023-09-04 00:00:00,36,93,55
CONAGRA - NA,2023-09-04 00:00:00,36,36,78
DANONE - EU,2023-09-04 00:00:00,36,81,89
HALEON - EU,2023-09-04 00:00:00,36,118,103
HALEON - NA,2023-09-04 00:00:00,36,69,36
INTERNATIONAL PAPER - NA,2023-09-04 00:00:00,36,17,34
JDE - EU,2023-09-04 00:00:00,36,65,55
METAL CONTAINER CORP - NA,2023-09-04 00:00:00,36,16,130
NOVOLEX - NA,2023-09-04 00:00:00,36,30,55
PACKAGING SPECIALTIE - NA,2023-09-04 00:00:00,36,0,62
PEEL PLASTIC PRODUCT - NA,2023-09-04 00:00:00,36,7,40
PROCTER & GAMBLE - EU,2023-09-04 00:00:00,36,224,200
THE FERRERO GROUP - NA,2023-09-04 00:00:00,36,8,70
3M - NA,2023-08-28 00:00:00,35,63,175
BEIERSDORF INCORPORATED - EU,2023-08-28 00:00:00,35,20,150
BROWN FORMAN CORPORATION - NA,2023-08-28 00:00:00,35,127,55
CONAGRA - NA,2023-08-28 00:00:00,35,46,45
DANONE - EU,2023-08-28 00:00:00,35,93,119
HALEON - EU,2023-08-28 00:00:00,35,140,100
HALEON - NA,2023-08-28 00:00:00,35,39,25
INTERNATIONAL PAPER - NA,2023-08-28 00:00:00,35,32,34
JDE - EU,2023-08-28 00:00:00,35,72,30
METAL CONTAINER CORP - NA,2023-08-28 00:00:00,35,41,120
NOVOLEX - NA,2023-08-28 00:00:00,35,73,60
PACKAGING SPECIALTIE - NA,2023-08-28 00:00:00,35,4,64
PEEL PLASTIC PRODUCT - NA,2023-08-28 00:00:00,35,5,44
PROCTER & GAMBLE - EU,2023-08-28 00:00:00,35,239,250
THE FERRERO GROUP - NA,2023-08-28 00:00:00,35,19,75
3M - NA,2023-08-21 00:00:00,34,54,150
BEIERSDORF INCORPORATED - EU,2023-08-21 00:00:00,34,482,150
BROWN FORMAN CORPORATION - NA,2023-08-21 00:00:00,34,123,50
CONAGRA - NA,2023-08-21 00:00:00,34,61,65
DANONE - EU,2023-08-21 00:00:00,34,44,72
HALEON - EU,2023-08-21 00:00:00,34,126,100
HALEON - NA,2023-08-21 00:00:00,34,33,25
INTERNATIONAL PAPER - NA,2023-08-21 00:00:00,34,18,34
JDE - EU,2023-08-21 00:00:00,34,44,20
METAL CONTAINER CORP - NA,2023-08-21 00:00:00,34,21,150
NOVOLEX - NA,2023-08-21 00:00:00,34,39,55
PACKAGING SPECIALTIE - NA,2023-08-21 00:00:00,34,0,70
PEEL PLASTIC PRODUCT - NA,2023-08-21 00:00:00,34,18,50
PROCTER & GAMBLE - EU,2023-08-21 00:00:00,34,210,250
THE FERRERO GROUP - NA,2023-08-21 00:00:00,34,26,90
3M - NA,2023-08-14 00:00:00,33,103,100
BEIERSDORF INCORPORATED - EU,2023-08-14 00:00:00,33,119,150
BROWN FORMAN CORPORATION - NA,2023-08-14 00:00:00,33,140,50
CONAGRA - NA,2023-08-14 00:00:00,33,37,50
DANONE - EU,2023-08-14 00:00:00,33,65,76
HALEON - EU,2023-08-14 00:00:00,33,106,100
HALEON - NA,2023-08-14 00:00:00,33,37,22
INTERNATIONAL PAPER - NA,2023-08-14 00:00:00,33,15,34
JDE - EU,2023-08-14 00:00:00,33,57,30
METAL CONTAINER CORP - NA,2023-08-14 00:00:00,33,25,125
NOVOLEX - NA,2023-08-14 00:00:00,33,44,45
PACKAGING SPECIALTIE - NA,2023-08-14 00:00:00,33,0,70
PEEL PLASTIC PRODUCT - NA,2023-08-14 00:00:00,33,0,41
PROCTER & GAMBLE - EU,2023-08-14 00:00:00,33,145,250
THE FERRERO GROUP - NA,2023-08-14 00:00:00,33,9,85
3M - NA,2023-08-07 00:00:00,32,60,110
BEIERSDORF INCORPORATED - EU,2023-08-07 00:00:00,32,252,150
BROWN FORMAN CORPORATION - NA,2023-08-07 00:00:00,32,104,50
CONAGRA - NA,2023-08-07 00:00:00,32,51,45
DANONE - EU,2023-08-07 00:00:00,32,74,80
HALEON - EU,2023-08-07 00:00:00,32,114,110
HALEON - NA,2023-08-07 00:00:00,32,49,20
INTERNATIONAL PAPER - NA,2023-08-07 00:00:00,32,8,34
JDE - EU,2023-08-07 00:00:00,32,30,45
METAL CONTAINER CORP - NA,2023-08-07 00:00:00,32,27,130
NOVOLEX - NA,2023-08-07 00:00:00,32,47,48
PACKAGING SPECIALTIE - NA,2023-08-07 00:00:00,32,0,70
PEEL PLASTIC PRODUCT - NA,2023-08-07 00:00:00,32,3,40
PROCTER & GAMBLE - EU,2023-08-07 00:00:00,32,164,250
THE FERRERO GROUP - NA,2023-08-07 00:00:00,32,24,80
3M - NA,2023-07-31 00:00:00,31,225,180
BEIERSDORF INCORPORATED - EU,2023-07-31 00:00:00,31,141,150
BROWN FORMAN CORPORATION - NA,2023-07-31 00:00:00,31,42,50
CONAGRA - NA,2023-07-31 00:00:00,31,41,80
DANONE - EU,2023-07-31 00:00:00,31,74,77
HALEON - EU,2023-07-31 00:00:00,31,99,120
HALEON - NA,2023-07-31 00:00:00,31,29,33
INTERNATIONAL PAPER - NA,2023-07-31 00:00:00,31,9,34
JDE - EU,2023-07-31 00:00:00,31,19,30
METAL CONTAINER CORP - NA,2023-07-31 00:00:00,31,33,120
NOVOLEX - NA,2023-07-31 00:00:00,31,59,55
PACKAGING SPECIALTIE - NA,2023-07-31 00:00:00,31,0,70
PEEL PLASTIC PRODUCT - NA,2023-07-31 00:00:00,31,11,41
PROCTER & GAMBLE - EU,2023-07-31 00:00:00,31,69,250
THE FERRERO GROUP - NA,2023-07-31 00:00:00,31,7,75
3M - NA,2023-07-24 00:00:00,30,85,125
BEIERSDORF INCORPORATED - EU,2023-07-24 00:00:00,30,48,50
BROWN FORMAN CORPORATION - NA,2023-07-24 00:00:00,30,76,50
CONAGRA - NA,2023-07-24 00:00:00,30,99,70
DANONE - EU,2023-07-24 00:00:00,30,57,90
HALEON - EU,2023-07-24 00:00:00,30,113,145
HALEON - NA,2023-07-24 00:00:00,30,44,25
INTERNATIONAL PAPER - NA,2023-07-24 00:00:00,30,7,34
JDE - EU,2023-07-24 00:00:00,30,13,20
METAL CONTAINER CORP - NA,2023-07-24 00:00:00,30,33,115
NOVOLEX - NA,2023-07-24 00:00:00,30,34,48
PACKAGING SPECIALTIE - NA,2023-07-24 00:00:00,30,0,70
PEEL PLASTIC PRODUCT - NA,2023-07-24 00:00:00,30,1,52
PROCTER & GAMBLE - EU,2023-07-24 00:00:00,30,202,100
THE FERRERO GROUP - NA,2023-07-24 00:00:00,30,30,70
3M - NA,2023-07-17 00:00:00,29,108,150
BEIERSDORF INCORPORATED - EU,2023-07-17 00:00:00,29,46,50
BROWN FORMAN CORPORATION - NA,2023-07-17 00:00:00,29,86,52
CONAGRA - NA,2023-07-17 00:00:00,29,69,65
DANONE - EU,2023-07-17 00:00:00,29,40,58
HALEON - EU,2023-07-17 00:00:00,29,93,145
HALEON - NA,2023-07-17 00:00:00,29,55,21
INTERNATIONAL PAPER - NA,2023-07-17 00:00:00,29,13,34
JDE - EU,2023-07-17 00:00:00,29,15,30
METAL CONTAINER CORP - NA,2023-07-17 00:00:00,29,32,105
NOVOLEX - NA,2023-07-17 00:00:00,29,67,48
PACKAGING SPECIALTIE - NA,2023-07-17 00:00:00,29,0,70
PEEL PLASTIC PRODUCT - NA,2023-07-17 00:00:00,29,12,54
PROCTER & GAMBLE - EU,2023-07-17 00:00:00,29,226,100
THE FERRERO GROUP - NA,2023-07-17 00:00:00,29,6,70
3M - NA,2023-07-10 00:00:00,28,88,85
BEIERSDORF INCORPORATED - EU,2023-07-10 00:00:00,28,69,50
BROWN FORMAN CORPORATION - NA,2023-07-10 00:00:00,28,41,52
CONAGRA - NA,2023-07-10 00:00:00,28,74,75
DANONE - EU,2023-07-10 00:00:00,28,41,52
HALEON - EU,2023-07-10 00:00:00,28,101,145
HALEON - NA,2023-07-10 00:00:00,28,29,28
INTERNATIONAL PAPER - NA,2023-07-10 00:00:00,28,10,34
JDE - EU,2023-07-10 00:00:00,28,20,30
METAL CONTAINER CORP - NA,2023-07-10 00:00:00,28,38,120
NOVOLEX - NA,2023-07-10 00:00:00,28,75,44
PACKAGING SPECIALTIE - NA,2023-07-10 00:00:00,28,0,70
PEEL PLASTIC PRODUCT - NA,2023-07-10 00:00:00,28,1,36
PROCTER & GAMBLE - EU,2023-07-10 00:00:00,28,216,100
THE FERRERO GROUP - NA,2023-07-10 00:00:00,28,11,65
3M - NA,2023-07-03 00:00:00,27,73,150
BEIERSDORF INCORPORATED - EU,2023-07-03 00:00:00,27,151,50
BROWN FORMAN CORPORATION - NA,2023-07-03 00:00:00,27,58,45
CONAGRA - NA,2023-07-03 00:00:00,27,33,25
DANONE - EU,2023-07-03 00:00:00,27,40,80
HALEON - EU,2023-07-03 00:00:00,27,98,145
HALEON - NA,2023-07-03 00:00:00,27,20,31
INTERNATIONAL PAPER - NA,2023-07-03 00:00:00,27,13,34
JDE - EU,2023-07-03 00:00:00,27,61,20
METAL CONTAINER CORP - NA,2023-07-03 00:00:00,27,2,105
NOVOLEX - NA,2023-07-03 00:00:00,27,58,38
PACKAGING SPECIALTIE - NA,2023-07-03 00:00:00,27,0,70
PEEL PLASTIC PRODUCT - NA,2023-07-03 00:00:00,27,6,38
PROCTER & GAMBLE - EU,2023-07-03 00:00:00,27,249,100
THE FERRERO GROUP - NA,2023-07-03 00:00:00,27,5,65
3M - NA,2023-06-26 00:00:00,26,68,130
BEIERSDORF INCORPORATED - EU,2023-06-26 00:00:00,26,81,50
BROWN FORMAN CORPORATION - NA,2023-06-26 00:00:00,26,70,52
CONAGRA - NA,2023-06-26 00:00:00,26,29,35
DANONE - EU,2023-06-26 00:00:00,26,47,107
HALEON - EU,2023-06-26 00:00:00,26,131,125
HALEON - NA,2023-06-26 00:00:00,26,25,24
INTERNATIONAL PAPER - NA,2023-06-26 00:00:00,26,15,34
JDE - EU,2023-06-26 00:00:00,26,29,20
METAL CONTAINER CORP - NA,2023-06-26 00:00:00,26,21,120
NOVOLEX - NA,2023-06-26 00:00:00,26,53,44
PACKAGING SPECIALTIE - NA,2023-06-26 00:00:00,26,0,70
PEEL PLASTIC PRODUCT - NA,2023-06-26 00:00:00,26,17,35
PROCTER & GAMBLE - EU,2023-06-26 00:00:00,26,179,228
THE FERRERO GROUP - NA,2023-06-26 00:00:00,26,10,70
3M - NA,2023-06-19 00:00:00,25,90,150
BEIERSDORF INCORPORATED - EU,2023-06-19 00:00:00,25,54,50
BROWN FORMAN CORPORATION - NA,2023-06-19 00:00:00,25,90,52
CONAGRA - NA,2023-06-19 00:00:00,25,57,40
DANONE - EU,2023-06-19 00:00:00,25,22,96
HALEON - EU,2023-06-19 00:00:00,25,126,125
HALEON - NA,2023-06-19 00:00:00,25,34,29
INTERNATIONAL PAPER - NA,2023-06-19 00:00:00,25,13,34
JDE - EU,2023-06-19 00:00:00,25,41,15
METAL CONTAINER CORP - NA,2023-06-19 00:00:00,25,13,110
NOVOLEX - NA,2023-06-19 00:00:00,25,57,42
PACKAGING SPECIALTIE - NA,2023-06-19 00:00:00,25,0,70
PEEL PLASTIC PRODUCT - NA,2023-06-19 00:00:00,25,8,38
PROCTER & GAMBLE - EU,2023-06-19 00:00:00,25,267,228
THE FERRERO GROUP - NA,2023-06-19 00:00:00,25,14,75
3M - NA,2023-06-12 00:00:00,24,56,185
BEIERSDORF INCORPORATED - EU,2023-06-12 00:00:00,24,33,50
BROWN FORMAN CORPORATION - NA,2023-06-12 00:00:00,24,89,50
CONAGRA - NA,2023-06-12 00:00:00,24,72,35
DANONE - EU,2023-06-12 00:00:00,24,71,90
HALEON - EU,2023-06-12 00:00:00,24,104,100
HALEON - NA,2023-06-12 00:00:00,24,48,21
INTERNATIONAL PAPER - NA,2023-06-12 00:00:00,24,8,35
JDE - EU,2023-06-12 00:00:00,24,6,10
METAL CONTAINER CORP - NA,2023-06-12 00:00:00,24,32,115
NOVOLEX - NA,2023-06-12 00:00:00,24,45,55
PACKAGING SPECIALTIE - NA,2023-06-12 00:00:00,24,8,70
PEEL PLASTIC PRODUCT - NA,2023-06-12 00:00:00,24,17,34
PROCTER & GAMBLE - EU,2023-06-12 00:00:00,24,193,228
THE FERRERO GROUP - NA,2023-06-12 00:00:00,24,23,80
3M - NA,2023-06-05 00:00:00,23,42,150
BEIERSDORF INCORPORATED - EU,2023-06-05 00:00:00,23,30,50
BROWN FORMAN CORPORATION - NA,2023-06-05 00:00:00,23,92,50
CONAGRA - NA,2023-06-05 00:00:00,23,85,30
DANONE - EU,2023-06-05 00:00:00,23,65,89
HALEON - EU,2023-06-05 00:00:00,23,106,100
HALEON - NA,2023-06-05 00:00:00,23,41,40
INTERNATIONAL PAPER - NA,2023-06-05 00:00:00,23,14,35
JDE - EU,2023-06-05 00:00:00,23,15,10
METAL CONTAINER CORP - NA,2023-06-05 00:00:00,23,14,120
NOVOLEX - NA,2023-06-05 00:00:00,23,30,45
PACKAGING SPECIALTIE - NA,2023-06-05 00:00:00,23,8,70
PEEL PLASTIC PRODUCT - NA,2023-06-05 00:00:00,23,15,61
PROCTER & GAMBLE - EU,2023-06-05 00:00:00,23,121,251
THE FERRERO GROUP - NA,2023-06-05 00:00:00,23,19,80
3M - NA,2023-05-29 00:00:00,22,47,125
BEIERSDORF INCORPORATED - EU,2023-05-29 00:00:00,22,45,50
BROWN FORMAN CORPORATION - NA,2023-05-29 00:00:00,22,70,52
CONAGRA - NA,2023-05-29 00:00:00,22,90,20
DANONE - EU,2023-05-29 00:00:00,22,19,90
HALEON - EU,2023-05-29 00:00:00,22,102,100
HALEON - NA,2023-05-29 00:00:00,22,60,36
INTERNATIONAL PAPER - NA,2023-05-29 00:00:00,22,13,35
JDE - EU,2023-05-29 00:00:00,22,40,10
METAL CONTAINER CORP - NA,2023-05-29 00:00:00,22,2,110
NOVOLEX - NA,2023-05-29 00:00:00,22,37,35
PACKAGING SPECIALTIE - NA,2023-05-29 00:00:00,22,0,70
PEEL PLASTIC PRODUCT - NA,2023-05-29 00:00:00,22,14,36
PROCTER & GAMBLE - EU,2023-05-29 00:00:00,22,135,258
THE FERRERO GROUP - NA,2023-05-29 00:00:00,22,5,75
3M - NA,2023-05-22 00:00:00,21,30,150
BEIERSDORF INCORPORATED - EU,2023-05-22 00:00:00,21,121,50
BROWN FORMAN CORPORATION - NA,2023-05-22 00:00:00,21,68,50
CONAGRA - NA,2023-05-22 00:00:00,21,72,140
DANONE - EU,2023-05-22 00:00:00,21,16,78
HALEON - EU,2023-05-22 00:00:00,21,103,115
HALEON - NA,2023-05-22 00:00:00,21,55,18
INTERNATIONAL PAPER - NA,2023-05-22 00:00:00,21,13,30
JDE - EU,2023-05-22 00:00:00,21,19,15
METAL CONTAINER CORP - NA,2023-05-22 00:00:00,21,26,135
NOVOLEX - NA,2023-05-22 00:00:00,21,40,39
PACKAGING SPECIALTIE - NA,2023-05-22 00:00:00,21,1,60
PEEL PLASTIC PRODUCT - NA,2023-05-22 00:00:00,21,8,56
PROCTER & GAMBLE - EU,2023-05-22 00:00:00,21,106,368
THE FERRERO GROUP - NA,2023-05-22 00:00:00,21,13,95
3M - NA,2023-05-15 00:00:00,20,95,225
BEIERSDORF INCORPORATED - EU,2023-05-15 00:00:00,20,49,50
BROWN FORMAN CORPORATION - NA,2023-05-15 00:00:00,20,71,50
CONAGRA - NA,2023-05-15 00:00:00,20,93,160
DANONE - EU,2023-05-15 00:00:00,20,4,63
HALEON - EU,2023-05-15 00:00:00,20,102,110
HALEON - NA,2023-05-15 00:00:00,20,74,23
INTERNATIONAL PAPER - NA,2023-05-15 00:00:00,20,15,30
JDE - EU,2023-05-15 00:00:00,20,9,15
METAL CONTAINER CORP - NA,2023-05-15 00:00:00,20,27,140
NOVOLEX - NA,2023-05-15 00:00:00,20,19,42
PACKAGING SPECIALTIE - NA,2023-05-15 00:00:00,20,0,60
PEEL PLASTIC PRODUCT - NA,2023-05-15 00:00:00,20,9,37
PROCTER & GAMBLE - EU,2023-05-15 00:00:00,20,183,346
THE FERRERO GROUP - NA,2023-05-15 00:00:00,20,19,80
3M - NA,2023-05-08 00:00:00,19,55,175
BEIERSDORF INCORPORATED - EU,2023-05-08 00:00:00,19,41,80
BROWN FORMAN CORPORATION - NA,2023-05-08 00:00:00,19,62,50
CONAGRA - NA,2023-05-08 00:00:00,19,79,140
DANONE - EU,2023-05-08 00:00:00,19,10,111
HALEON - EU,2023-05-08 00:00:00,19,53,100
HALEON - NA,2023-05-08 00:00:00,19,44,22
INTERNATIONAL PAPER - NA,2023-05-08 00:00:00,19,10,30
JDE - EU,2023-05-08 00:00:00,19,22,15
METAL CONTAINER CORP - NA,2023-05-08 00:00:00,19,27,130
NOVOLEX - NA,2023-05-08 00:00:00,19,8,40
PACKAGING SPECIALTIE - NA,2023-05-08 00:00:00,19,0,60
PEEL PLASTIC PRODUCT - NA,2023-05-08 00:00:00,19,11,35
PROCTER & GAMBLE - EU,2023-05-08 00:00:00,19,156,352
THE FERRERO GROUP - NA,2023-05-08 00:00:00,19,19,80
3M - NA,2023-05-01 00:00:00,18,73,200
BEIERSDORF INCORPORATED - EU,2023-05-01 00:00:00,18,2,80
BROWN FORMAN CORPORATION - NA,2023-05-01 00:00:00,18,67,50
CONAGRA - NA,2023-05-01 00:00:00,18,28,25
DANONE - EU,2023-05-01 00:00:00,18,18,118
HALEON - EU,2023-05-01 00:00:00,18,74,100
HALEON - NA,2023-05-01 00:00:00,18,26,83
INTERNATIONAL PAPER - NA,2023-05-01 00:00:00,18,7,30
JDE - EU,2023-05-01 00:00:00,18,15,15
METAL CONTAINER CORP - NA,2023-05-01 00:00:00,18,54,135
NOVOLEX - NA,2023-05-01 00:00:00,18,17,38
PACKAGING SPECIALTIE - NA,2023-05-01 00:00:00,18,0,60
PEEL PLASTIC PRODUCT - NA,2023-05-01 00:00:00,18,2,42
PROCTER & GAMBLE - EU,2023-05-01 00:00:00,18,264,345
THE FERRERO GROUP - NA,2023-05-01 00:00:00,18,19,75
3M - NA,2023-04-24 00:00:00,17,172,100
BEIERSDORF INCORPORATED - EU,2023-04-24 00:00:00,17,5,80
BROWN FORMAN CORPORATION - NA,2023-04-24 00:00:00,17,78,20
CONAGRA - NA,2023-04-24 00:00:00,17,35,50
DANONE - EU,2023-04-24 00:00:00,17,16,116
HALEON - EU,2023-04-24 00:00:00,17,85,100
HALEON - NA,2023-04-24 00:00:00,17,33,23
INTERNATIONAL PAPER - NA,2023-04-24 00:00:00,17,6,35
JDE - EU,2023-04-24 00:00:00,17,10,30
METAL CONTAINER CORP - NA,2023-04-24 00:00:00,17,41,135
NOVOLEX - NA,2023-04-24 00:00:00,17,21,40
PACKAGING SPECIALTIE - NA,2023-04-24 00:00:00,17,4,67
PEEL PLASTIC PRODUCT - NA,2023-04-24 00:00:00,17,12,39
PROCTER & GAMBLE - EU,2023-04-24 00:00:00,17,178,361
THE FERRERO GROUP - NA,2023-04-24 00:00:00,17,20,85
3M - NA,2023-04-17 00:00:00,16,169,175
BEIERSDORF INCORPORATED - EU,2023-04-17 00:00:00,16,19,80
BROWN FORMAN CORPORATION - NA,2023-04-17 00:00:00,16,112,25
CONAGRA - NA,2023-04-17 00:00:00,16,68,60
DANONE - EU,2023-04-17 00:00:00,16,9,113
HALEON - EU,2023-04-17 00:00:00,16,82,115
HALEON - NA,2023-04-17 00:00:00,16,48,28
INTERNATIONAL PAPER - NA,2023-04-17 00:00:00,16,7,35
JDE - EU,2023-04-17 00:00:00,16,17,25
METAL CONTAINER CORP - NA,2023-04-17 00:00:00,16,30,135
NOVOLEX - NA,2023-04-17 00:00:00,16,6,42
PACKAGING SPECIALTIE - NA,2023-04-17 00:00:00,16,0,45
PEEL PLASTIC PRODUCT - NA,2023-04-17 00:00:00,16,10,35
PROCTER & GAMBLE - EU,2023-04-17 00:00:00,16,218,337
THE FERRERO GROUP - NA,2023-04-17 00:00:00,16,35,90
3M - NA,2023-04-10 00:00:00,15,158,125
BEIERSDORF INCORPORATED - EU,2023-04-10 00:00:00,15,25,80
BROWN FORMAN CORPORATION - NA,2023-04-10 00:00:00,15,56,40
CONAGRA - NA,2023-04-10 00:00:00,15,19,40
DANONE - EU,2023-04-10 00:00:00,15,22,121
HALEON - EU,2023-04-10 00:00:00,15,130,110
HALEON - NA,2023-04-10 00:00:00,15,49,25
INTERNATIONAL PAPER - NA,2023-04-10 00:00:00,15,9,28
JDE - EU,2023-04-10 00:00:00,15,39,15
METAL CONTAINER CORP - NA,2023-04-10 00:00:00,15,29,125
NOVOLEX - NA,2023-04-10 00:00:00,15,14,48
PACKAGING SPECIALTIE - NA,2023-04-10 00:00:00,15,0,56
PEEL PLASTIC PRODUCT - NA,2023-04-10 00:00:00,15,11,23
PROCTER & GAMBLE - EU,2023-04-10 00:00:00,15,152,348
THE FERRERO GROUP - NA,2023-04-10 00:00:00,15,21,85
3M - NA,2023-04-03 00:00:00,14,102,250
BEIERSDORF INCORPORATED - EU,2023-04-03 00:00:00,14,29,50
BROWN FORMAN CORPORATION - NA,2023-04-03 00:00:00,14,38,40
CONAGRA - NA,2023-04-03 00:00:00,14,36,35
DANONE - EU,2023-04-03 00:00:00,14,4,119
HALEON - EU,2023-04-03 00:00:00,14,132,110
HALEON - NA,2023-04-03 00:00:00,14,48,42
INTERNATIONAL PAPER - NA,2023-04-03 00:00:00,14,8,35
JDE - EU,2023-04-03 00:00:00,14,3,15
METAL CONTAINER CORP - NA,2023-04-03 00:00:00,14,26,130
NOVOLEX - NA,2023-04-03 00:00:00,14,16,42
PACKAGING SPECIALTIE - NA,2023-04-03 00:00:00,14,0,34
PEEL PLASTIC PRODUCT - NA,2023-04-03 00:00:00,14,14,20
PROCTER & GAMBLE - EU,2023-04-03 00:00:00,14,203,319
THE FERRERO GROUP - NA,2023-04-03 00:00:00,14,35,90
3M - NA,2023-03-27 00:00:00,13,88,225
BEIERSDORF INCORPORATED - EU,2023-03-27 00:00:00,13,46,0
BROWN FORMAN CORPORATION - NA,2023-03-27 00:00:00,13,68,5
CONAGRA - NA,2023-03-27 00:00:00,13,25,23
DANONE - EU,2023-03-27 00:00:00,13,19,61
HALEON - EU,2023-03-27 00:00:00,13,99,125
HALEON - NA,2023-03-27 00:00:00,13,47,28
INTERNATIONAL PAPER - NA,2023-03-27 00:00:00,13,13,38
JDE - EU,2023-03-27 00:00:00,13,20,10
METAL CONTAINER CORP - NA,2023-03-27 00:00:00,13,16,135
NOVOLEX - NA,2023-03-27 00:00:00,13,20,32
PACKAGING SPECIALTIE - NA,2023-03-27 00:00:00,13,0,72
PEEL PLASTIC PRODUCT - NA,2023-03-27 00:00:00,13,17,49
PROCTER & GAMBLE - EU,2023-03-27 00:00:00,13,200,445
THE FERRERO GROUP - NA,2023-03-27 00:00:00,13,37,85
3M - NA,2023-03-20 00:00:00,12,98,250
BEIERSDORF INCORPORATED - EU,2023-03-20 00:00:00,12,128,9
BROWN FORMAN CORPORATION - NA,2023-03-20 00:00:00,12,40,5
CONAGRA - NA,2023-03-20 00:00:00,12,42,25
DANONE - EU,2023-03-20 00:00:00,12,6,78
HALEON - EU,2023-03-20 00:00:00,12,90,125
HALEON - NA,2023-03-20 00:00:00,12,40,38
INTERNATIONAL PAPER - NA,2023-03-20 00:00:00,12,9,38
JDE - EU,2023-03-20 00:00:00,12,36,10
METAL CONTAINER CORP - NA,2023-03-20 00:00:00,12,19,130
NOVOLEX - NA,2023-03-20 00:00:00,12,7,40
PACKAGING SPECIALTIE - NA,2023-03-20 00:00:00,12,0,72
PEEL PLASTIC PRODUCT - NA,2023-03-20 00:00:00,12,4,44
PROCTER & GAMBLE - EU,2023-03-20 00:00:00,12,179,439
THE FERRERO GROUP - NA,2023-03-20 00:00:00,12,15,90
3M - NA,2023-03-13 00:00:00,11,112,300
BEIERSDORF INCORPORATED - EU,2023-03-13 00:00:00,11,16,15
BROWN FORMAN CORPORATION - NA,2023-03-13 00:00:00,11,61,5
CONAGRA - NA,2023-03-13 00:00:00,11,34,48
DANONE - EU,2023-03-13 00:00:00,11,16,62
HALEON - EU,2023-03-13 00:00:00,11,123,122
HALEON - NA,2023-03-13 00:00:00,11,19,34
INTERNATIONAL PAPER - NA,2023-03-13 00:00:00,11,9,38
JDE - EU,2023-03-13 00:00:00,11,17,10
METAL CONTAINER CORP - NA,2023-03-13 00:00:00,11,16,125
NOVOLEX - NA,2023-03-13 00:00:00,11,13,34
PACKAGING SPECIALTIE - NA,2023-03-13 00:00:00,11,0,72
PEEL PLASTIC PRODUCT - NA,2023-03-13 00:00:00,11,20,42
PROCTER & GAMBLE - EU,2023-03-13 00:00:00,11,165,425
THE FERRERO GROUP - NA,2023-03-13 00:00:00,11,31,90
3M - NA,2023-03-06 00:00:00,10,166,275
BEIERSDORF INCORPORATED - EU,2023-03-06 00:00:00,10,17,12
BROWN FORMAN CORPORATION - NA,2023-03-06 00:00:00,10,51,0
CONAGRA - NA,2023-03-06 00:00:00,10,52,32
DANONE - EU,2023-03-06 00:00:00,10,17,66
HALEON - EU,2023-03-06 00:00:00,10,140,120
HALEON - NA,2023-03-06 00:00:00,10,48,48
INTERNATIONAL PAPER - NA,2023-03-06 00:00:00,10,8,38
JDE - EU,2023-03-06 00:00:00,10,12,10
METAL CONTAINER CORP - NA,2023-03-06 00:00:00,10,16,120
NOVOLEX - NA,2023-03-06 00:00:00,10,22,36
PACKAGING SPECIALTIE - NA,2023-03-06 00:00:00,10,0,72
PEEL PLASTIC PRODUCT - NA,2023-03-06 00:00:00,10,11,41
PROCTER & GAMBLE - EU,2023-03-06 00:00:00,10,128,498
THE FERRERO GROUP - NA,2023-03-06 00:00:00,10,28,90
3M - NA,2023-02-27 00:00:00,09,87,300
BEIERSDORF INCORPORATED - EU,2023-02-27 00:00:00,09,508,11
BROWN FORMAN CORPORATION - NA,2023-02-27 00:00:00,09,62,5
CONAGRA - NA,2023-02-27 00:00:00,09,32,43
DANONE - EU,2023-02-27 00:00:00,09,27,83
HALEON - EU,2023-02-27 00:00:00,09,90,110
HALEON - NA,2023-02-27 00:00:00,09,46,56
INTERNATIONAL PAPER - NA,2023-02-27 00:00:00,09,15,38
JDE - EU,2023-02-27 00:00:00,09,25,5
METAL CONTAINER CORP - NA,2023-02-27 00:00:00,09,6,120
NOVOLEX - NA,2023-02-27 00:00:00,09,14,36
PACKAGING SPECIALTIE - NA,2023-02-27 00:00:00,09,0,72
PEEL PLASTIC PRODUCT - NA,2023-02-27 00:00:00,09,12,35
PROCTER & GAMBLE - EU,2023-02-27 00:00:00,09,81,444
THE FERRERO GROUP - NA,2023-02-27 00:00:00,09,39,85
3M - NA,2023-02-20 00:00:00,08,111,250
BEIERSDORF INCORPORATED - EU,2023-02-20 00:00:00,08,1956,5
BROWN FORMAN CORPORATION - NA,2023-02-20 00:00:00,08,62,0
CONAGRA - NA,2023-02-20 00:00:00,08,25,47
DANONE - EU,2023-02-20 00:00:00,08,7,78
HALEON - EU,2023-02-20 00:00:00,08,123,90
HALEON - NA,2023-02-20 00:00:00,08,39,16
INTERNATIONAL PAPER - NA,2023-02-20 00:00:00,08,12,37
JDE - EU,2023-02-20 00:00:00,08,6,40
METAL CONTAINER CORP - NA,2023-02-20 00:00:00,08,12,125
NOVOLEX - NA,2023-02-20 00:00:00,08,24,43
PACKAGING SPECIALTIE - NA,2023-02-20 00:00:00,08,0,70
PEEL PLASTIC PRODUCT - NA,2023-02-20 00:00:00,08,14,45
PROCTER & GAMBLE - EU,2023-02-20 00:00:00,08,151,434
THE FERRERO GROUP - NA,2023-02-20 00:00:00,08,33,75
3M - NA,2023-02-13 00:00:00,07,144,195
BEIERSDORF INCORPORATED - EU,2023-02-13 00:00:00,07,635,21
BROWN FORMAN CORPORATION - NA,2023-02-13 00:00:00,07,30,0
CONAGRA - NA,2023-02-13 00:00:00,07,49,45
DANONE - EU,2023-02-13 00:00:00,07,26,87
HALEON - EU,2023-02-13 00:00:00,07,165,90
HALEON - NA,2023-02-13 00:00:00,07,57,51
INTERNATIONAL PAPER - NA,2023-02-13 00:00:00,07,7,37
JDE - EU,2023-02-13 00:00:00,07,19,20
METAL CONTAINER CORP - NA,2023-02-13 00:00:00,07,10,110
NOVOLEX - NA,2023-02-13 00:00:00,07,13,36
PACKAGING SPECIALTIE - NA,2023-02-13 00:00:00,07,1,70
PEEL PLASTIC PRODUCT - NA,2023-02-13 00:00:00,07,26,50
PROCTER & GAMBLE - EU,2023-02-13 00:00:00,07,99,411
THE FERRERO GROUP - NA,2023-02-13 00:00:00,07,26,70
3M - NA,2023-02-06 00:00:00,06,82,230
BEIERSDORF INCORPORATED - EU,2023-02-06 00:00:00,06,617,7
BROWN FORMAN CORPORATION - NA,2023-02-06 00:00:00,06,44,4
CONAGRA - NA,2023-02-06 00:00:00,06,32,40
DANONE - EU,2023-02-06 00:00:00,06,11,113
HALEON - EU,2023-02-06 00:00:00,06,154,85
HALEON - NA,2023-02-06 00:00:00,06,32,22
INTERNATIONAL PAPER - NA,2023-02-06 00:00:00,06,8,35
JDE - EU,2023-02-06 00:00:00,06,51,20
METAL CONTAINER CORP - NA,2023-02-06 00:00:00,06,19,120
NOVOLEX - NA,2023-02-06 00:00:00,06,10,37
PACKAGING SPECIALTIE - NA,2023-02-06 00:00:00,06,0,70
PEEL PLASTIC PRODUCT - NA,2023-02-06 00:00:00,06,23,45
PROCTER & GAMBLE - EU,2023-02-06 00:00:00,06,77,419
THE FERRERO GROUP - NA,2023-02-06 00:00:00,06,39,70
3M - NA,2023-01-30 00:00:00,05,201,200
BEIERSDORF INCORPORATED - EU,2023-01-30 00:00:00,05,490,1
BROWN FORMAN CORPORATION - NA,2023-01-30 00:00:00,05,64,4
CONAGRA - NA,2023-01-30 00:00:00,05,33,35
DANONE - EU,2023-01-30 00:00:00,05,11,76
HALEON - EU,2023-01-30 00:00:00,05,116,77
HALEON - NA,2023-01-30 00:00:00,05,52,72
INTERNATIONAL PAPER - NA,2023-01-30 00:00:00,05,12,33
JDE - EU,2023-01-30 00:00:00,05,19,15
METAL CONTAINER CORP - NA,2023-01-30 00:00:00,05,13,115
NOVOLEX - NA,2023-01-30 00:00:00,05,13,25
PACKAGING SPECIALTIE - NA,2023-01-30 00:00:00,05,1,70
PEEL PLASTIC PRODUCT - NA,2023-01-30 00:00:00,05,35,50
PROCTER & GAMBLE - EU,2023-01-30 00:00:00,05,59,439
THE FERRERO GROUP - NA,2023-01-30 00:00:00,05,44,65
3M - NA,2023-01-23 00:00:00,04,125,150
BEIERSDORF INCORPORATED - EU,2023-01-23 00:00:00,04,106,0
BROWN FORMAN CORPORATION - NA,2023-01-23 00:00:00,04,51,5
CONAGRA - NA,2023-01-23 00:00:00,04,48,25
DANONE - EU,2023-01-23 00:00:00,04,7,64
HALEON - EU,2023-01-23 00:00:00,04,162,115
HALEON - NA,2023-01-23 00:00:00,04,51,45
INTERNATIONAL PAPER - NA,2023-01-23 00:00:00,04,21,46
JDE - EU,2023-01-23 00:00:00,04,14,20
METAL CONTAINER CORP - NA,2023-01-23 00:00:00,04,19,115
NOVOLEX - NA,2023-01-23 00:00:00,04,29,35
PACKAGING SPECIALTIE - NA,2023-01-23 00:00:00,04,0,60
PEEL PLASTIC PRODUCT - NA,2023-01-23 00:00:00,04,4,55
PROCTER & GAMBLE - EU,2023-01-23 00:00:00,04,82,458
THE FERRERO GROUP - NA,2023-01-23 00:00:00,04,31,60
3M - NA,2023-01-16 00:00:00,03,131,200
BEIERSDORF INCORPORATED - EU,2023-01-16 00:00:00,03,0,1
BROWN FORMAN CORPORATION - NA,2023-01-16 00:00:00,03,62,5
CONAGRA - NA,2023-01-16 00:00:00,03,36,45
DANONE - EU,2023-01-16 00:00:00,03,6,88
HALEON - EU,2023-01-16 00:00:00,03,126,115
HALEON - NA,2023-01-16 00:00:00,03,80,22
INTERNATIONAL PAPER - NA,2023-01-16 00:00:00,03,20,46
JDE - EU,2023-01-16 00:00:00,03,24,20
METAL CONTAINER CORP - NA,2023-01-16 00:00:00,03,9,115
NOVOLEX - NA,2023-01-16 00:00:00,03,17,35
PACKAGING SPECIALTIE - NA,2023-01-16 00:00:00,03,0,60
PEEL PLASTIC PRODUCT - NA,2023-01-16 00:00:00,03,10,60
PROCTER & GAMBLE - EU,2023-01-16 00:00:00,03,106,471
THE FERRERO GROUP - NA,2023-01-16 00:00:00,03,50,45
3M - NA,2023-01-09 00:00:00,02,160,180
BEIERSDORF INCORPORATED - EU,2023-01-09 00:00:00,02,97,0
BROWN FORMAN CORPORATION - NA,2023-01-09 00:00:00,02,60,5
CONAGRA - NA,2023-01-09 00:00:00,02,30,30
DANONE - EU,2023-01-09 00:00:00,02,4,69
HALEON - EU,2023-01-09 00:00:00,02,118,90
HALEON - NA,2023-01-09 00:00:00,02,26,52
INTERNATIONAL PAPER - NA,2023-01-09 00:00:00,02,9,46
JDE - EU,2023-01-09 00:00:00,02,34,20
METAL CONTAINER CORP - NA,2023-01-09 00:00:00,02,9,125
NOVOLEX - NA,2023-01-09 00:00:00,02,18,35
PACKAGING SPECIALTIE - NA,2023-01-09 00:00:00,02,0,60
PEEL PLASTIC PRODUCT - NA,2023-01-09 00:00:00,02,8,60
PROCTER & GAMBLE - EU,2023-01-09 00:00:00,02,107,413
THE FERRERO GROUP - NA,2023-01-09 00:00:00,02,21,40
3M - NA,2023-01-02 00:00:00,01,39,90
BEIERSDORF INCORPORATED - EU,2023-01-02 00:00:00,01,0,0
BROWN FORMAN CORPORATION - NA,2023-01-02 00:00:00,01,65,5
CONAGRA - NA,2023-01-02 00:00:00,01,32,25
DANONE - EU,2023-01-02 00:00:00,01,0,66
HALEON - EU,2023-01-02 00:00:00,01,91,45
HALEON - NA,2023-01-02 00:00:00,01,37,30
INTERNATIONAL PAPER - NA,2023-01-02 00:00:00,01,11,46
JDE - EU,2023-01-02 00:00:00,01,38,20
METAL CONTAINER CORP - NA,2023-01-02 00:00:00,01,6,115
NOVOLEX - NA,2023-01-02 00:00:00,01,29,29
PACKAGING SPECIALTIE - NA,2023-01-02 00:00:00,01,0,50
PEEL PLASTIC PRODUCT - NA,2023-01-02 00:00:00,01,1,40
PROCTER & GAMBLE - EU,2023-01-02 00:00:00,01,39,318
THE FERRERO GROUP - NA,2023-01-02 00:00:00,01,23,15
3M - NA,2022-12-26 00:00:00,52,12,60
BROWN FORMAN CORPORATION - NA,2022-12-26 00:00:00,52,27,0
CONAGRA - NA,2022-12-26 00:00:00,52,19,40
DANONE - EU,2022-12-26 00:00:00,52,0,48
HALEON - EU,2022-12-26 00:00:00,52,10,45
HALEON - NA,2022-12-26 00:00:00,52,6,18
INTERNATIONAL PAPER - NA,2022-12-26 00:00:00,52,1,41
JDE - EU,2022-12-26 00:00:00,52,57,30
METAL CONTAINER CORP - NA,2022-12-26 00:00:00,52,3,80
NOVOLEX - NA,2022-12-26 00:00:00,52,4,28
PACKAGING SPECIALTIE - NA,2022-12-26 00:00:00,52,0,20
PEEL PLASTIC PRODUCT - NA,2022-12-26 00:00:00,52,3,0
PROCTER & GAMBLE - EU,2022-12-26 00:00:00,52,29,245
THE FERRERO GROUP - NA,2022-12-26 00:00:00,52,7,15
3M - NA,2022-12-19 00:00:00,51,109,75
BROWN FORMAN CORPORATION - NA,2022-12-19 00:00:00,51,22,0
CONAGRA - NA,2022-12-19 00:00:00,51,23,50
DANONE - EU,2022-12-19 00:00:00,51,1,49
HALEON - EU,2022-12-19 00:00:00,51,213,90
HALEON - NA,2022-12-19 00:00:00,51,58,38
INTERNATIONAL PAPER - NA,2022-12-19 00:00:00,51,6,41
JDE - EU,2022-12-19 00:00:00,51,20,30
METAL CONTAINER CORP - NA,2022-12-19 00:00:00,51,11,110
NOVOLEX - NA,2022-12-19 00:00:00,51,9,35
PACKAGING SPECIALTIE - NA,2022-12-19 00:00:00,51,0,50
PEEL PLASTIC PRODUCT - NA,2022-12-19 00:00:00,51,16,35
PROCTER & GAMBLE - EU,2022-12-19 00:00:00,51,120,204
THE FERRERO GROUP - NA,2022-12-19 00:00:00,51,33,40
3M - NA,2022-12-12 00:00:00,50,86,80
BROWN FORMAN CORPORATION - NA,2022-12-12 00:00:00,50,37,0
CONAGRA - NA,2022-12-12 00:00:00,50,39,70
DANONE - EU,2022-12-12 00:00:00,50,6,109
HALEON - EU,2022-12-12 00:00:00,50,217,100
HALEON - NA,2022-12-12 00:00:00,50,24,51
INTERNATIONAL PAPER - NA,2022-12-12 00:00:00,50,8,41
JDE - EU,2022-12-12 00:00:00,50,13,30
METAL CONTAINER CORP - NA,2022-12-12 00:00:00,50,11,105
NOVOLEX - NA,2022-12-12 00:00:00,50,10,33
PACKAGING SPECIALTIE - NA,2022-12-12 00:00:00,50,0,50
PEEL PLASTIC PRODUCT - NA,2022-12-12 00:00:00,50,8,42
PROCTER & GAMBLE - EU,2022-12-12 00:00:00,50,72,240
THE FERRERO GROUP - NA,2022-12-12 00:00:00,50,26,45
3M - NA,2022-12-05 00:00:00,49,107,90
BROWN FORMAN CORPORATION - NA,2022-12-05 00:00:00,49,88,2
CONAGRA - NA,2022-12-05 00:00:00,49,42,60
DANONE - EU,2022-12-05 00:00:00,49,4,52
HALEON - EU,2022-12-05 00:00:00,49,136,145
HALEON - NA,2022-12-05 00:00:00,49,52,61
INTERNATIONAL PAPER - NA,2022-12-05 00:00:00,49,11,41
JDE - EU,2022-12-05 00:00:00,49,31,30
METAL CONTAINER CORP - NA,2022-12-05 00:00:00,49,0,105
NOVOLEX - NA,2022-12-05 00:00:00,49,21,34
PACKAGING SPECIALTIE - NA,2022-12-05 00:00:00,49,0,50
PEEL PLASTIC PRODUCT - NA,2022-12-05 00:00:00,49,2,45
PROCTER & GAMBLE - EU,2022-12-05 00:00:00,49,198,422
THE FERRERO GROUP - NA,2022-12-05 00:00:00,49,27,60
3M - NA,2022-11-28 00:00:00,48,106,80
BROWN FORMAN CORPORATION - NA,2022-11-28 00:00:00,48,60,4
CONAGRA - NA,2022-11-28 00:00:00,48,29,50
DANONE - EU,2022-11-28 00:00:00,48,2,69
HALEON - EU,2022-11-28 00:00:00,48,103,145
HALEON - NA,2022-11-28 00:00:00,48,51,40
INTERNATIONAL PAPER - NA,2022-11-28 00:00:00,48,17,41
JDE - EU,2022-11-28 00:00:00,48,26,30
METAL CONTAINER CORP - NA,2022-11-28 00:00:00,48,12,115
NOVOLEX - NA,2022-11-28 00:00:00,48,23,33
PACKAGING SPECIALTIE - NA,2022-11-28 00:00:00,48,3,50
PEEL PLASTIC PRODUCT - NA,2022-11-28 00:00:00,48,2,40
PROCTER & GAMBLE - EU,2022-11-28 00:00:00,48,331,539
THE FERRERO GROUP - NA,2022-11-28 00:00:00,48,19,55
3M - NA,2022-11-21 00:00:00,47,106,190
BROWN FORMAN CORPORATION - NA,2022-11-21 00:00:00,47,21,10
CONAGRA - NA,2022-11-21 00:00:00,47,21,20
DANONE - EU,2022-11-21 00:00:00,47,3,46
HALEON - EU,2022-11-21 00:00:00,47,210,115
HALEON - NA,2022-11-21 00:00:00,47,20,43
INTERNATIONAL PAPER - NA,2022-11-21 00:00:00,47,9,20
JDE - EU,2022-11-21 00:00:00,47,18,40
METAL CONTAINER CORP - NA,2022-11-21 00:00:00,47,2,70
NOVOLEX - NA,2022-11-21 00:00:00,47,18,28
PACKAGING SPECIALTIE - NA,2022-11-21 00:00:00,47,1,50
PEEL PLASTIC PRODUCT - NA,2022-11-21 00:00:00,47,12,36
PROCTER & GAMBLE - EU,2022-11-21 00:00:00,47,121,457
THE FERRERO GROUP - NA,2022-11-21 00:00:00,47,10,35
3M - NA,2022-11-14 00:00:00,46,80,170
BROWN FORMAN CORPORATION - NA,2022-11-14 00:00:00,46,57,10
CONAGRA - NA,2022-11-14 00:00:00,46,49,30
DANONE - EU,2022-11-14 00:00:00,46,0,46
HALEON - EU,2022-11-14 00:00:00,46,126,115
HALEON - NA,2022-11-14 00:00:00,46,41,42
INTERNATIONAL PAPER - NA,2022-11-14 00:00:00,46,19,44
JDE - EU,2022-11-14 00:00:00,46,8,40
METAL CONTAINER CORP - NA,2022-11-14 00:00:00,46,9,120
NOVOLEX - NA,2022-11-14 00:00:00,46,8,36
PACKAGING SPECIALTIE - NA,2022-11-14 00:00:00,46,0,74
PEEL PLASTIC PRODUCT - NA,2022-11-14 00:00:00,46,13,27
PROCTER & GAMBLE - EU,2022-11-14 00:00:00,46,219,677
THE FERRERO GROUP - NA,2022-11-14 00:00:00,46,22,50
3M - NA,2022-11-07 00:00:00,45,106,170
BROWN FORMAN CORPORATION - NA,2022-11-07 00:00:00,45,64,10
CONAGRA - NA,2022-11-07 00:00:00,45,48,50
DANONE - EU,2022-11-07 00:00:00,45,0,46
HALEON - EU,2022-11-07 00:00:00,45,121,145
HALEON - NA,2022-11-07 00:00:00,45,36,43
INTERNATIONAL PAPER - NA,2022-11-07 00:00:00,45,16,44
JDE - EU,2022-11-07 00:00:00,45,27,30
METAL CONTAINER CORP - NA,2022-11-07 00:00:00,45,16,125
NOVOLEX - NA,2022-11-07 00:00:00,45,9,36
PACKAGING SPECIALTIE - NA,2022-11-07 00:00:00,45,9,95
PEEL PLASTIC PRODUCT - NA,2022-11-07 00:00:00,45,3,22
PROCTER & GAMBLE - EU,2022-11-07 00:00:00,45,309,699
THE FERRERO GROUP - NA,2022-11-07 00:00:00,45,18,52
3M - NA,2022-10-31 00:00:00,44,69,180
BROWN FORMAN CORPORATION - NA,2022-10-31 00:00:00,44,52,15
CONAGRA - NA,2022-10-31 00:00:00,44,28,40
DANONE - EU,2022-10-31 00:00:00,44,1,46
HALEON - EU,2022-10-31 00:00:00,44,129,115
HALEON - NA,2022-10-31 00:00:00,44,37,18
INTERNATIONAL PAPER - NA,2022-10-31 00:00:00,44,12,44
JDE - EU,2022-10-31 00:00:00,44,22,30
METAL CONTAINER CORP - NA,2022-10-31 00:00:00,44,14,120
NOVOLEX - NA,2022-10-31 00:00:00,44,16,35
PACKAGING SPECIALTIE - NA,2022-10-31 00:00:00,44,2,88
PEEL PLASTIC PRODUCT - NA,2022-10-31 00:00:00,44,12,30
PROCTER & GAMBLE - EU,2022-10-31 00:00:00,44,421,736
THE FERRERO GROUP - NA,2022-10-31 00:00:00,44,20,58
3M - NA,2022-10-24 00:00:00,43,175,150
BROWN FORMAN CORPORATION - NA,2022-10-24 00:00:00,43,45,10
CONAGRA - NA,2022-10-24 00:00:00,43,52,30
DANONE - EU,2022-10-24 00:00:00,43,0,71
HALEON - EU,2022-10-24 00:00:00,43,140,110
HALEON - NA,2022-10-24 00:00:00,43,41,44
INTERNATIONAL PAPER - NA,2022-10-24 00:00:00,43,16,48
JDE - EU,2022-10-24 00:00:00,43,8,30
METAL CONTAINER CORP - NA,2022-10-24 00:00:00,43,14,120
NOVOLEX - NA,2022-10-24 00:00:00,43,27,36
PACKAGING SPECIALTIE - NA,2022-10-24 00:00:00,43,5,30
PEEL PLASTIC PRODUCT - NA,2022-10-24 00:00:00,43,2,50
PROCTER & GAMBLE - EU,2022-10-24 00:00:00,43,655,624
THE FERRERO GROUP - NA,2022-10-24 00:00:00,43,31,65
3M - NA,2022-10-17 00:00:00,42,223,178
BROWN FORMAN CORPORATION - NA,2022-10-17 00:00:00,42,43,10
CONAGRA - NA,2022-10-17 00:00:00,42,59,34
DANONE - EU,2022-10-17 00:00:00,42,4,71
HALEON - EU,2022-10-17 00:00:00,42,110,100
HALEON - NA,2022-10-17 00:00:00,42,31,56
INTERNATIONAL PAPER - NA,2022-10-17 00:00:00,42,6,48
JDE - EU,2022-10-17 00:00:00,42,19,30
METAL CONTAINER CORP - NA,2022-10-17 00:00:00,42,11,130
NOVOLEX - NA,2022-10-17 00:00:00,42,13,35
PACKAGING SPECIALTIE - NA,2022-10-17 00:00:00,42,0,35
PEEL PLASTIC PRODUCT - NA,2022-10-17 00:00:00,42,8,66
PROCTER & GAMBLE - EU,2022-10-17 00:00:00,42,311,658
THE FERRERO GROUP - NA,2022-10-17 00:00:00,42,15,70
3M - NA,2022-10-10 00:00:00,41,124,150
BROWN FORMAN CORPORATION - NA,2022-10-10 00:00:00,41,48,10
CONAGRA - NA,2022-10-10 00:00:00,41,52,35
DANONE - EU,2022-10-10 00:00:00,41,2,71
HALEON - EU,2022-10-10 00:00:00,41,139,100
HALEON - NA,2022-10-10 00:00:00,41,30,71
INTERNATIONAL PAPER - NA,2022-10-10 00:00:00,41,14,48
JDE - EU,2022-10-10 00:00:00,41,19,30
METAL CONTAINER CORP - NA,2022-10-10 00:00:00,41,15,125
NOVOLEX - NA,2022-10-10 00:00:00,41,22,34
PACKAGING SPECIALTIE - NA,2022-10-10 00:00:00,41,0,15
PEEL PLASTIC PRODUCT - NA,2022-10-10 00:00:00,41,7,68
PROCTER & GAMBLE - EU,2022-10-10 00:00:00,41,228,706
THE FERRERO GROUP - NA,2022-10-10 00:00:00,41,15,70
3M - NA,2022-10-03 00:00:00,40,76,170
BROWN FORMAN CORPORATION - NA,2022-10-03 00:00:00,40,39,10
CONAGRA - NA,2022-10-03 00:00:00,40,29,56
DANONE - EU,2022-10-03 00:00:00,40,2,71
HALEON - EU,2022-10-03 00:00:00,40,123,96
HALEON - NA,2022-10-03 00:00:00,40,29,75
INTERNATIONAL PAPER - NA,2022-10-03 00:00:00,40,8,48
JDE - EU,2022-10-03 00:00:00,40,33,30
METAL CONTAINER CORP - NA,2022-10-03 00:00:00,40,10,125
NOVOLEX - NA,2022-10-03 00:00:00,40,15,34
PACKAGING SPECIALTIE - NA,2022-10-03 00:00:00,40,0,40
PEEL PLASTIC PRODUCT - NA,2022-10-03 00:00:00,40,3,45
PROCTER & GAMBLE - EU,2022-10-03 00:00:00,40,203,662
THE FERRERO GROUP - NA,2022-10-03 00:00:00,40,11,65
3M - NA,2022-09-26 00:00:00,39,73,160
BROWN FORMAN CORPORATION - NA,2022-09-26 00:00:00,39,34,10
CONAGRA - NA,2022-09-26 00:00:00,39,42,25
DANONE - EU,2022-09-26 00:00:00,39,2,71
HALEON - EU,2022-09-26 00:00:00,39,127,90
HALEON - NA,2022-09-26 00:00:00,39,76,51
INTERNATIONAL PAPER - NA,2022-09-26 00:00:00,39,4,48
JDE - EU,2022-09-26 00:00:00,39,41,30
METAL CONTAINER CORP - NA,2022-09-26 00:00:00,39,12,120
NOVOLEX - NA,2022-09-26 00:00:00,39,29,34
PACKAGING SPECIALTIE - NA,2022-09-26 00:00:00,39,3,40
PEEL PLASTIC PRODUCT - NA,2022-09-26 00:00:00,39,2,58
PROCTER & GAMBLE - EU,2022-09-26 00:00:00,39,179,755
THE FERRERO GROUP - NA,2022-09-26 00:00:00,39,12,70
3M - NA,2022-09-19 00:00:00,38,53,160
BROWN FORMAN CORPORATION - NA,2022-09-19 00:00:00,38,21,47
CONAGRA - NA,2022-09-19 00:00:00,38,38,30
DANONE - EU,2022-09-19 00:00:00,38,1,63
HALEON - EU,2022-09-19 00:00:00,38,150,90
HALEON - NA,2022-09-19 00:00:00,38,46,67
INTERNATIONAL PAPER - NA,2022-09-19 00:00:00,38,20,55
JDE - EU,2022-09-19 00:00:00,38,23,50
METAL CONTAINER CORP - NA,2022-09-19 00:00:00,38,10,155
NOVOLEX - NA,2022-09-19 00:00:00,38,17,33
PACKAGING SPECIALTIE - NA,2022-09-19 00:00:00,38,3,85
PEEL PLASTIC PRODUCT - NA,2022-09-19 00:00:00,38,1,55
PROCTER & GAMBLE - EU,2022-09-19 00:00:00,38,171,222
THE FERRERO GROUP - NA,2022-09-19 00:00:00,38,10,33
3M - NA,2022-09-12 00:00:00,37,121,137
BROWN FORMAN CORPORATION - NA,2022-09-12 00:00:00,37,49,47
CONAGRA - NA,2022-09-12 00:00:00,37,37,15
DANONE - EU,2022-09-12 00:00:00,37,1,38
HALEON - EU,2022-09-12 00:00:00,37,108,88
HALEON - NA,2022-09-12 00:00:00,37,55,38
INTERNATIONAL PAPER - NA,2022-09-12 00:00:00,37,31,50
JDE - EU,2022-09-12 00:00:00,37,44,50
METAL CONTAINER CORP - NA,2022-09-12 00:00:00,37,5,145
NOVOLEX - NA,2022-09-12 00:00:00,37,13,33
PACKAGING SPECIALTIE - NA,2022-09-12 00:00:00,37,0,65
PEEL PLASTIC PRODUCT - NA,2022-09-12 00:00:00,37,3,47
PROCTER & GAMBLE - EU,2022-09-12 00:00:00,37,197,222
THE FERRERO GROUP - NA,2022-09-12 00:00:00,37,10,55
3M - NA,2022-09-05 00:00:00,36,122,145
BROWN FORMAN CORPORATION - NA,2022-09-05 00:00:00,36,24,47
CONAGRA - NA,2022-09-05 00:00:00,36,7,25
DANONE - EU,2022-09-05 00:00:00,36,0,45
HALEON - EU,2022-09-05 00:00:00,36,94,83
HALEON - NA,2022-09-05 00:00:00,36,104,48
INTERNATIONAL PAPER - NA,2022-09-05 00:00:00,36,15,42
JDE - EU,2022-09-05 00:00:00,36,20,50
METAL CONTAINER CORP - NA,2022-09-05 00:00:00,36,1,140
NOVOLEX - NA,2022-09-05 00:00:00,36,4,33
PACKAGING SPECIALTIE - NA,2022-09-05 00:00:00,36,2,80
PEEL PLASTIC PRODUCT - NA,2022-09-05 00:00:00,36,3,45
PROCTER & GAMBLE - EU,2022-09-05 00:00:00,36,156,222
THE FERRERO GROUP - NA,2022-09-05 00:00:00,36,16,60
3M - NA,2022-08-29 00:00:00,35,73,155
BROWN FORMAN CORPORATION - NA,2022-08-29 00:00:00,35,35,47
CONAGRA - NA,2022-08-29 00:00:00,35,44,20
DANONE - EU,2022-08-29 00:00:00,35,0,8
HALEON - EU,2022-08-29 00:00:00,35,177,83
HALEON - NA,2022-08-29 00:00:00,35,54,26
INTERNATIONAL PAPER - NA,2022-08-29 00:00:00,35,17,40
JDE - EU,2022-08-29 00:00:00,35,8,50
METAL CONTAINER CORP - NA,2022-08-29 00:00:00,35,1,140
NOVOLEX - NA,2022-08-29 00:00:00,35,13,33
PACKAGING SPECIALTIE - NA,2022-08-29 00:00:00,35,0,75
PEEL PLASTIC PRODUCT - NA,2022-08-29 00:00:00,35,4,33
PROCTER & GAMBLE - EU,2022-08-29 00:00:00,35,226,203
THE FERRERO GROUP - NA,2022-08-29 00:00:00,35,14,89
3M - NA,2022-08-22 00:00:00,34,153,130
BROWN FORMAN CORPORATION - NA,2022-08-22 00:00:00,34,35,47
CONAGRA - NA,2022-08-22 00:00:00,34,29,15
DANONE - EU,2022-08-22 00:00:00,34,0,66
HALEON - EU,2022-08-22 00:00:00,34,155,238
INTERNATIONAL PAPER - NA,2022-08-22 00:00:00,34,16,45
JDE - EU,2022-08-22 00:00:00,34,36,140
METAL CONTAINER CORP - NA,2022-08-22 00:00:00,34,7,155
NOVOLEX - NA,2022-08-22 00:00:00,34,25,37
PACKAGING SPECIALTIE - NA,2022-08-22 00:00:00,34,0,141
PEEL PLASTIC PRODUCT - NA,2022-08-22 00:00:00,34,20,47
PROCTER & GAMBLE - EU,2022-08-22 00:00:00,34,295,600
THE FERRERO GROUP - NA,2022-08-22 00:00:00,34,12,90
3M - NA,2022-08-15 00:00:00,33,79,120
BROWN FORMAN CORPORATION - NA,2022-08-15 00:00:00,33,49,47
CONAGRA - NA,2022-08-15 00:00:00,33,31,10
DANONE - EU,2022-08-15 00:00:00,33,1,67
HALEON - EU,2022-08-15 00:00:00,33,105,208
INTERNATIONAL PAPER - NA,2022-08-15 00:00:00,33,21,45
JDE - EU,2022-08-15 00:00:00,33,100,140
METAL CONTAINER CORP - NA,2022-08-15 00:00:00,33,4,155
NOVOLEX - NA,2022-08-15 00:00:00,33,17,37
PACKAGING SPECIALTIE - NA,2022-08-15 00:00:00,33,0,141
PEEL PLASTIC PRODUCT - NA,2022-08-15 00:00:00,33,15,55
PROCTER & GAMBLE - EU,2022-08-15 00:00:00,33,197,600
THE FERRERO GROUP - NA,2022-08-15 00:00:00,33,12,120
3M - NA,2022-08-08 00:00:00,32,168,150
BROWN FORMAN CORPORATION - NA,2022-08-08 00:00:00,32,62,47
CONAGRA - NA,2022-08-08 00:00:00,32,40,86
DANONE - EU,2022-08-08 00:00:00,32,0,51
HALEON - EU,2022-08-08 00:00:00,32,93,207
INTERNATIONAL PAPER - NA,2022-08-08 00:00:00,32,20,45
JDE - EU,2022-08-08 00:00:00,32,20,160
METAL CONTAINER CORP - NA,2022-08-08 00:00:00,32,15,155
NOVOLEX - NA,2022-08-08 00:00:00,32,12,37
PACKAGING SPECIALTIE - NA,2022-08-08 00:00:00,32,1,141
PEEL PLASTIC PRODUCT - NA,2022-08-08 00:00:00,32,5,47
PROCTER & GAMBLE - EU,2022-08-08 00:00:00,32,138,600
THE FERRERO GROUP - NA,2022-08-08 00:00:00,32,18,105
3M - NA,2022-08-01 00:00:00,31,105,150
BROWN FORMAN CORPORATION - NA,2022-08-01 00:00:00,31,31,47
CONAGRA - NA,2022-08-01 00:00:00,31,66,56
DANONE - EU,2022-08-01 00:00:00,31,2,59
HALEON - EU,2022-08-01 00:00:00,31,162,177
INTERNATIONAL PAPER - NA,2022-08-01 00:00:00,31,16,45
JDE - EU,2022-08-01 00:00:00,31,18,160
METAL CONTAINER CORP - NA,2022-08-01 00:00:00,31,6,155
NOVOLEX - NA,2022-08-01 00:00:00,31,5,37
PACKAGING SPECIALTIE - NA,2022-08-01 00:00:00,31,1,141
PEEL PLASTIC PRODUCT - NA,2022-08-01 00:00:00,31,9,45
PROCTER & GAMBLE - EU,2022-08-01 00:00:00,31,207,600
THE FERRERO GROUP - NA,2022-08-01 00:00:00,31,22,90
